Workbook

Sheet Euler_vB
A1: Constante | B1: Valor
A2: a (unidad) | B2: 5
A3: b (día^-1) | B3: 2
A4: h (paso, días) | B4: 0.5
A5: w0 (lb) | B5: 0.5
A6: Notas | B6: Las celdas muestran fórmulas; revise para ver cómo se calculó cada paso.
A8: n | B8: t_n (d) | C8: w_n (lb) | D8: f(t_n,w_n) = a w^{2/3} - b w | E8: w_{n+1} = w_n + h f
A9: 0 | B9: 0 | C9: =$B$5 -> 0.5 | D9: =$B$2 * POWER(C9,2/3) - $B$3 * C9 -> 2.1498026 | E9: =C9 + $B$4 * D9 -> 1.5749013
A10: 1 | B10: =B9 + $B$4 -> 0.5 | C10: =E9 -> 1.5749013 | D10: =$B$2 * POWER(C10,2/3) - $B$3 * C10 -> 3.6183826 | E10: =C10 + $B$4 * D10 -> 3.3840926
A11: 2 | B11: =B10 + $B$4 -> 1 | C11: =E10 -> 3.3840926 | D11: =$B$2 * POWER(C11,2/3) - $B$3 * C11 -> 4.5020115 | E11: =C11 + $B$4 * D11 -> 5.6350984
A12: 3 | B12: =B11 + $B$4 -> 1.5 | C12: =E11 -> 5.6350984 | D12: =$B$2 * POWER(C12,2/3) - $B$3 * C12 -> 4.5630874 | E12: =C12 + $B$4 * D12 -> 7.9166421
A13: 4 | B13: =B12 + $B$4 -> 2 | C13: =E12 -> 7.9166421 | D13: =$B$2 * POWER(C13,2/3) - $B$3 * C13 -> 4.0275436 | E13: =C13 + $B$4 * D13 -> 9.9304139
A14: 5 | B14: =B13 + $B$4 -> 2.5 | C14: =E13 -> 9.9304139 | D14: =$B$2 * POWER(C14,2/3) - $B$3 * C14 -> 3.2393278 | E14: =C14 + $B$4 * D14 -> 11.550078
A15: 6 | B15: =B14 + $B$4 -> 3 | C15: =E14 -> 11.550078 | D15: =$B$2 * POWER(C15,2/3) - $B$3 * C15 -> 2.4480231 | E15: =C15 + $B$4 * D15 -> 12.774089
A16: 7 | B16: =B15 + $B$4 -> 3.5 | C16: =E15 -> 12.774089 | D16: =$B$2 * POWER(C16,2/3) - $B$3 * C16 -> 1.7745019 | E16: =C16 + $B$4 * D16 -> 13.66134
A17: 8 | B17: =B16 + $B$4 -> 4 | C17: =E16 -> 13.66134 | D17: =$B$2 * POWER(C17,2/3) - $B$3 * C17 -> 1.2509578 | E17: =C17 + $B$4 * D17 -> 14.286819
A18: 9 | B18: =B17 + $B$4 -> 4.5 | C18: =E17 -> 14.286819 | D18: =$B$2 * POWER(C18,2/3) - $B$3 * C18 -> 0.86563166 | E18: =C18 + $B$4 * D18 -> 14.719635
A19: 10 | B19: =B18 + $B$4 -> 5 | C19: =E18 -> 14.719635 | D19: =$B$2 * POWER(C19,2/3) - $B$3 * C19 -> 0.59160817 | E19: =C19 + $B$4 * D19 -> 15.015439
A20: 11 | B20: =B19 + $B$4 -> 5.5 | C20: =E19 -> 15.015439 | D20: =$B$2 * POWER(C20,2/3) - $B$3 * C20 -> 0.40099573 | E20: =C20 + $B$4 * D20 -> 15.215937
A21: 12 | B21: =B20 + $B$4 -> 6 | C21: =E20 -> 15.215937 | D21: =$B$2 * POWER(C21,2/3) - $B$3 * C21 -> 0.27030077 | E21: =C21 + $B$4 * D21 -> 15.351087
... A69: 60 | B69: =B68 + $B$4 -> 30 | C69: =E68 -> 15.625 | D69: =$B$2 * POWER(C69,2/3) - $B$3 * C69 -> 9.7513464e-10 | E69: =C69 + $B$4 * D69 -> 15.625

Sheet Heun_vB
A1: Constante | B1: Valor
A2: a (unidad) | B2: 5
A3: b (día^-1) | B3: 2
A4: h (paso, días) | B4: 0.5
A5: w0 (lb) | B5: 0.5
A6: Notas | B6: Las celdas muestran fórmulas; revise para ver cómo se calculó cada paso.
A8: n | B8: t_n (d) | C8: w_n (lb) | D8: f_n | E8: w_predictor | F8: f_predictor | G8: w_{n+1} (Heun) | H8: Error (Heun-Euler)
A9: 0 | B9: 0 | C9: =$B$5 -> 0.5 | D9: =$B$2 * POWER(C9,2/3) - $B$3 * C9 -> 2.1498026 | E9: =C9 + $B$4 * D9 -> 1.5749013 | F9: =$B$2 * POWER(E9,2/3) - $B$3 * E9 -> 3.6183826 | G9: =C9 + ($B$4/2) * (D9 + F9) -> 1.9420463 | H9: =G9 - Euler_vB!E9 -> 0.36714499
A10: 1 | B10: =B9 + $B$4 -> 0.5 | C10: =G9 -> 1.9420463 | D10: =$B$2 * POWER(C10,2/3) - $B$3 * C10 -> 3.8988362 | E10: =C10 + $B$4 * D10 -> 3.8914644 | F10: =$B$2 * POWER(E10,2/3) - $B$3 * E10 -> 4.5873279 | G10: =C10 + ($B$4/2) * (D10 + F10) -> 4.0635873 | H10: =G10 - Euler_vB!E10 -> 0.67949473
A11: 2 | B11: =B10 + $B$4 -> 1 | C11: =G10 -> 4.0635873 | D11: =$B$2 * POWER(C11,2/3) - $B$3 * C11 -> 4.6052096 | E11: =C11 + $B$4 * D11 -> 6.3661921 | F11: =$B$2 * POWER(E11,2/3) - $B$3 * E11 -> 4.4423423 | G11: =C11 + ($B$4/2) * (D11 + F11) -> 6.3254753 | H11: =G11 - Euler_vB!E11 -> 0.69037694
A12: 3 | B12: =B11 + $B$4 -> 1.5 | C12: =G11 -> 6.3254753 | D12: =$B$2 * POWER(C12,2/3) - $B$3 * C12 -> 4.4504671 | E12: =C12 + $B$4 * D12 -> 8.5507088 | F12: =$B$2 * POWER(E12,2/3) - $B$3 * E12 -> 3.8062096 | G12: =C12 + ($B$4/2) * (D12 + F12) -> 8.3896445 | H12: =G12 - Euler_vB!E12 -> 0.47300242
A13: 4 | B13: =B12 + $B$4 -> 2 | C13: =G12 -> 8.3896445 | D13: =$B$2 * POWER(C13,2/3) - $B$3 * C13 -> 3.8649579 | E13: =C13 + $B$4 * D13 -> 10.322123 | F13: =$B$2 * POWER(E13,2/3) - $B$3 * E13 -> 3.0594474 | G13: =C13 + ($B$4/2) * (D13 + F13) -> 10.120746 | H13: =G13 - Euler_vB!E13 -> 0.19033193
A14: 5 | B14: =B13 + $B$4 -> 2.5 | C14: =G13 -> 10.120746 | D14: =$B$2 * POWER(C14,2/3) - $B$3 * C14 -> 3.1528961 | E14: =C14 + $B$4 * D14 -> 11.697194 | F14: =$B$2 * POWER(E14,2/3) - $B$3 * E14 -> 2.3702751 | G14: =C14 + ($B$4/2) * (D14 + F14) -> 11.501539 | H14: =G14 - Euler_vB!E14 -> -0.048539167
A15: 6 | B15: =B14 + $B$4 -> 3 | C15: =G14 -> 11.501539 | D15: =$B$2 * POWER(C15,2/3) - $B$3 * C15 -> 2.4734737 | E15: =C15 + $B$4 * D15 -> 12.738275 | F15: =$B$2 * POWER(E15,2/3) - $B$3 * E15 -> 1.7950372 | G15: =C15 + ($B$4/2) * (D15 + F15) -> 12.568666 | H15: =G15 - Euler_vB!E15 -> -0.20542297
A16: 7 | B16: =B15 + $B$4 -> 3.5 | C16: =G15 -> 12.568666 | D16: =$B$2 * POWER(C16,2/3) - $B$3 * C16 -> 1.8916357 | E16: =C16 + $B$4 * D16 -> 13.514484 | F16: =$B$2 * POWER(E16,2/3) - $B$3 * E16 -> 1.3395283 | G16: =C16 + ($B$4/2) * (D16 + F16) -> 13.376457 | H16: =G16 - Euler_vB!E16 -> -0.28488293
A17: 8 | B17: =B16 + $B$4 -> 4 | C17: =G16 -> 13.376457 | D17: =$B$2 * POWER(C17,2/3) - $B$3 * C17 -> 1.4220952 | E17: =C17 + $B$4 * D17 -> 14.087505 | F17: =$B$2 * POWER(E17,2/3) - $B$3 * E17 -> 0.98981629 | G17: =C17 + ($B$4/2) * (D17 + F17) -> 13.979435 | H17: =G17 - Euler_vB!E17 -> -0.30738397
A18: 9 | B18: =B17 + $B$4 -> 4.5 | C18: =G17 -> 13.979435 | D18: =$B$2 * POWER(C18,2/3) - $B$3 * C18 -> 1.0566093 | E18: =C18 + $B$4 * D18 -> 14.50774 | F18: =$B$2 * POWER(E18,2/3) - $B$3 * E18 -> 0.72649804 | G18: =C18 + ($B$4/2) * (D18 + F18) -> 14.425212 | H18: =G18 - Euler_vB!E18 -> -0.29442296
A19: 10 | B19: =B18 + $B$4 -> 5 | C19: =G18 -> 14.425212 | D19: =$B$2 * POWER(C19,2/3) - $B$3 * C19 -> 0.77865423 | E19: =C19 + $B$4 * D19 -> 14.814539 | F19: =$B$2 * POWER(E19,2/3) - $B$3 * E19 -> 0.53074333 | G19: =C19 + ($B$4/2) * (D19 + F19) -> 14.752561 | H19: =G19 - Euler_vB!E19 -> -0.26287765
A20: 11 | B20: =B19 + $B$4 -> 5.5 | C20: =G19 -> 14.752561 | D20: =$B$2 * POWER(C20,2/3) - $B$3 * C20 -> 0.57052278 | E20: =C20 + $B$4 * D20 -> 15.037823 | F20: =$B$2 * POWER(E20,2/3) - $B$3 * E20 -> 0.38646425 | G20: =C20 + ($B$4/2) * (D20 + F20) -> 14.991808 | H20: =G20 - Euler_vB!E20 -> -0.22412876
A21: 12 | B21: =B20 + $B$4 -> 6 | C21: =G20 -> 14.991808 | D21: =$B$2 * POWER(C21,2/3) - $B$3 * C21 -> 0.41632057 | E21: =C21 + $B$4 * D21 -> 15.199968 | F21: =$B$2 * POWER(E21,2/3) - $B$3 * E21 -> 0.28075355 | G21: =C21 + ($B$4/2) * (D21 + F21) -> 15.166077 | H21: =G21 - Euler_vB!E21 -> -0.18501062
... A69: 60 | B69: =B68 + $B$4 -> 30 | C69: =G68 -> 15.625 | D69: =$B$2 * POWER(C69,2/3) - $B$3 * C69 -> 7.0331691e-08 | E69: =C69 + $B$4 * D69 -> 15.625 | F69: =$B$2 * POWER(E69,2/3) - $B$3 * E69 -> 4.6887799e-08 | G69: =C69 + ($B$4/2) * (D69 + F69) -> 15.625 | H69: =G69 - Euler_vB!E69 -> -7.5217523e-08

Sheet Exacto_vB
A1: Constante | B1: Valor | F1: Valor teórico w_max
A2: a (unidad) | B2: 5 | F2: =POWER($B$2/$B$3,3) -> 15.625
A3: b (día^-1) | B3: 2
A4: h (paso, días) | B4: 0.5
A5: w0 (lb) | B5: 0.5
A6: Notas | B6: Las celdas muestran fórmulas; revise para ver cómo se calculó cada paso.
A8: n | B8: t_n (d) | C8: w_exact (lb) | D8: Comentario
A9: 0 | B9: 0 | C9: =POWER( ($B$2/$B$3) + (POWER($B$5,1/3) - ($B$2/$B$3)) * EXP( - $B$3 * B9 / 3 ), 3) -> 0.5 | D9: =IF(B9=0,"w0 exact","") -> w0 exact
A10: 1 | B10: =B9 + $B$4 -> 0.5 | C10: =POWER( ($B$2/$B$3) + (POWER($B$5,1/3) - ($B$2/$B$3)) * EXP( - $B$3 * B10 / 3 ), 3) -> 2.0843152 | D10: =IF(B10=0,"w0 exact","")
A11: 2 | B11: =B10 + $B$4 -> 1 | C11: =POWER( ($B$2/$B$3) + (POWER($B$5,1/3) - ($B$2/$B$3)) * EXP( - $B$3 * B11 / 3 ), 3) -> 4.2827556 | D11: =IF(B11=0,"w0 exact","")
A12: 3 | B12: =B11 + $B$4 -> 1.5 | C12: =POWER( ($B$2/$B$3) + (POWER($B$5,1/3) - ($B$2/$B$3)) * EXP( - $B$3 * B12 / 3 ), 3) -> 6.5632299 | D12: =IF(B12=0,"w0 exact","")
A13: 4 | B13: =B12 + $B$4 -> 2 | C13: =POWER( ($B$2/$B$3) + (POWER($B$5,1/3) - ($B$2/$B$3)) * EXP( - $B$3 * B13 / 3 ), 3) -> 8.6179537 | D13: =IF(B13=0,"w0 exact","")
A14: 5 | B14: =B13 + $B$4 -> 2.5 | C14: =POWER( ($B$2/$B$3) + (POWER($B$5,1/3) - ($B$2/$B$3)) * EXP( - $B$3 * B14 / 3 ), 3) -> 10.327783 | D14: =IF(B14=0,"w0 exact","")
A15: 6 | B15: =B14 + $B$4 -> 3 | C15: =POWER( ($B$2/$B$3) + (POWER($B$5,1/3) - ($B$2/$B$3)) * EXP( - $B$3 * B15 / 3 ), 3) -> 11.682828 | D15: =IF(B15=0,"w0 exact","")
A16: 7 | B16: =B15 + $B$4 -> 3.5 | C16: =POWER( ($B$2/$B$3) + (POWER($B$5,1/3) - ($B$2/$B$3)) * EXP( - $B$3 * B16 / 3 ), 3) -> 12.72337 | D16: =IF(B16=0,"w0 exact","")
A17: 8 | B17: =B16 + $B$4 -> 4 | C17: =POWER( ($B$2/$B$3) + (POWER($B$5,1/3) - ($B$2/$B$3)) * EXP( - $B$3 * B17 / 3 ), 3) -> 13.505764 | D17: =IF(B17=0,"w0 exact","")
A18: 9 | B18: =B17 + $B$4 -> 4.5 | C18: =POWER( ($B$2/$B$3) + (POWER($B$5,1/3) - ($B$2/$B$3)) * EXP( - $B$3 * B18 / 3 ), 3) -> 14.085669 | D18: =IF(B18=0,"w0 exact","")
A19: 10 | B19: =B18 + $B$4 -> 5 | C19: =POWER( ($B$2/$B$3) + (POWER($B$5,1/3) - ($B$2/$B$3)) * EXP( - $B$3 * B19 / 3 ), 3) -> 14.511241 | D19: =IF(B19=0,"w0 exact","")
A20: 11 | B20: =B19 + $B$4 -> 5.5 | C20: =POWER( ($B$2/$B$3) + (POWER($B$5,1/3) - ($B$2/$B$3)) * EXP( - $B$3 * B20 / 3 ), 3) -> 14.821391 | D20: =IF(B20=0,"w0 exact","")
A21: 12 | B21: =B20 + $B$4 -> 6 | C21: =POWER( ($B$2/$B$3) + (POWER($B$5,1/3) - ($B$2/$B$3)) * EXP( - $B$3 * B21 / 3 ), 3) -> 15.04632 | D21: =IF(B21=0,"w0 exact","")
... A69: 60 | B69: =B68 + $B$4 -> 30 | C69: =POWER( ($B$2/$B$3) + (POWER($B$5,1/3) - ($B$2/$B$3)) * EXP( - $B$3 * B69 / 3 ), 3) -> 15.625 | D69: =IF(B69=0,"w0 exact","")
