Workbook

Sheet Euler
A1: Constante | B1: Valor
A2: k (kg^(1/4)/día) | B2: 0.3
A3: h (paso, días) | B3: 1
A4: m_max (kg) | B4: 300
A5: m0 (kg) | B5: 1
A6: Notas | B6: Las columnas usan fórmulas; revise las celdas para ver las fórmulas usadas.
A8: n | B8: t_n (d) | C8: m_n (kg) | D8: f(t_n,m_n) | E8: m_{n+1} = m_n + h*f
A9: 0 | B9: 0 | C9: =$B$5 -> 1 | D9: =$B$2 * POWER(C9,3/4) * (1 - POWER(C9/$B$4,1/4)) -> 0.22791566 | E9: =C9 + $B$3 * D9 -> 1.2279157
A10: 1 | B10: =B9 + $B$3 -> 1 | C10: =E9 -> 1.2279157 | D10: =$B$2 * POWER(C10,3/4) * (1 - POWER(C10/$B$4,1/4)) -> 0.26142979 | E10: =C10 + $B$3 * D10 -> 1.4893454
A11: 2 | B11: =B10 + $B$3 -> 2 | C11: =E10 -> 1.4893454 | D11: =$B$2 * POWER(C11,3/4) * (1 - POWER(C11/$B$4,1/4)) -> 0.2970943 | E11: =C11 + $B$3 * D11 -> 1.7864397
A12: 3 | B12: =B11 + $B$3 -> 3 | C12: =E11 -> 1.7864397 | D12: =$B$2 * POWER(C12,3/4) * (1 - POWER(C12/$B$4,1/4)) -> 0.33479269 | E12: =C12 + $B$3 * D12 -> 2.1212324
A13: 4 | B13: =B12 + $B$3 -> 4 | C13: =E12 -> 2.1212324 | D13: =$B$2 * POWER(C13,3/4) * (1 - POWER(C13/$B$4,1/4)) -> 0.37439803 | E13: =C13 + $B$3 * D13 -> 2.4956305
A14: 5 | B14: =B13 + $B$3 -> 5 | C14: =E13 -> 2.4956305 | D14: =$B$2 * POWER(C14,3/4) * (1 - POWER(C14/$B$4,1/4)) -> 0.41577513 | E14: =C14 + $B$3 * D14 -> 2.9114056
A15: 6 | B15: =B14 + $B$3 -> 6 | C15: =E14 -> 2.9114056 | D15: =$B$2 * POWER(C15,3/4) * (1 - POWER(C15/$B$4,1/4)) -> 0.45878238 | E15: =C15 + $B$3 * D15 -> 3.370188
A16: 7 | B16: =B15 + $B$3 -> 7 | C16: =E15 -> 3.370188 | D16: =$B$2 * POWER(C16,3/4) * (1 - POWER(C16/$B$4,1/4)) -> 0.50327356 | E16: =C16 + $B$3 * D16 -> 3.8734615
A17: 8 | B17: =B16 + $B$3 -> 8 | C17: =E16 -> 3.8734615 | D17: =$B$2 * POWER(C17,3/4) * (1 - POWER(C17/$B$4,1/4)) -> 0.54909939 | E17: =C17 + $B$3 * D17 -> 4.4225609
A18: 9 | B18: =B17 + $B$3 -> 9 | C18: =E17 -> 4.4225609 | D18: =$B$2 * POWER(C18,3/4) * (1 - POWER(C18/$B$4,1/4)) -> 0.59610891 | E18: =C18 + $B$3 * D18 -> 5.0186698
A19: 10 | B19: =B18 + $B$3 -> 10 | C19: =E18 -> 5.0186698 | D19: =$B$2 * POWER(C19,3/4) * (1 - POWER(C19/$B$4,1/4)) -> 0.64415082 | E19: =C19 + $B$3 * D19 -> 5.6628207
A20: 11 | B20: =B19 + $B$3 -> 11 | C20: =E19 -> 5.6628207 | D20: =$B$2 * POWER(C20,3/4) * (1 - POWER(C20/$B$4,1/4)) -> 0.6930745 | E20: =C20 + $B$3 * D20 -> 6.3558952
A21: 12 | B21: =B20 + $B$3 -> 12 | C21: =E20 -> 6.3558952 | D21: =$B$2 * POWER(C21,3/4) * (1 - POWER(C21/$B$4,1/4)) -> 0.74273105 | E21: =C21 + $B$3 * D21 -> 7.0986262
... A409: 400 | B409: =B408 + $B$3 -> 400 | C409: =E408 -> 299.34347 | D409: =$B$2 * POWER(C409,3/4) * (1 - POWER(C409/$B$4,1/4)) -> 0.011821701 | E409: =C409 + $B$3 * D409 -> 299.35529

Sheet Heun
A1: Constante | B1: Valor
A2: k (kg^(1/4)/día) | B2: 0.3
A3: h (paso, días) | B3: 1
A4: m_max (kg) | B4: 300
A5: m0 (kg) | B5: 1
A6: Notas | B6: Las columnas usan fórmulas; revise las celdas para ver las fórmulas usadas.
A8: n | B8: t_n (d) | C8: m_n (kg) | D8: f_n | E8: m_predictor | F8: f_predictor | G8: m_{n+1} (Heun) | H8: Error est (Heun-Euler)
A9: 0 | B9: 0 | C9: =$B$5 -> 1 | D9: =$B$2 * POWER(C9,3/4) * (1 - POWER(C9/$B$4,1/4)) -> 0.22791566 | E9: =C9 + $B$3 * D9 -> 1.2279157 | F9: =$B$2 * POWER(E9,3/4) * (1 - POWER(E9/$B$4,1/4)) -> 0.26142979 | G9: =C9 + ($B$3/2) * (D9 + F9) -> 1.2446727 | H9: =G9 - Euler!E9 -> 0.016757065
A10: 1 | B10: =B9 + $B$3 -> 1 | C10: =G9 -> 1.2446727 | D10: =$B$2 * POWER(C10,3/4) * (1 - POWER(C10/$B$4,1/4)) -> 0.26379748 | E10: =C10 + $B$3 * D10 -> 1.5084702 | F10: =$B$2 * POWER(E10,3/4) * (1 - POWER(E10/$B$4,1/4)) -> 0.29960469 | G10: =C10 + ($B$3/2) * (D10 + F10) -> 1.5263738 | H10: =G10 - Euler!E10 -> 0.037028363
A11: 2 | B11: =B10 + $B$3 -> 2 | C11: =G10 -> 1.5263738 | D11: =$B$2 * POWER(C11,3/4) * (1 - POWER(C11/$B$4,1/4)) -> 0.30194362 | E11: =C11 + $B$3 * D11 -> 1.8283174 | F11: =$B$2 * POWER(E11,3/4) * (1 - POWER(E11/$B$4,1/4)) -> 0.33990051 | G11: =C11 + ($B$3/2) * (D11 + F11) -> 1.8472959 | H11: =G11 - Euler!E11 -> 0.060856124
A12: 3 | B12: =B11 + $B$3 -> 3 | C12: =G11 -> 1.8472959 | D12: =$B$2 * POWER(C12,3/4) * (1 - POWER(C12/$B$4,1/4)) -> 0.34219995 | E12: =C12 + $B$3 * D12 -> 2.1894958 | F12: =$B$2 * POWER(E12,3/4) * (1 - POWER(E12/$B$4,1/4)) -> 0.38215371 | G12: =C12 + ($B$3/2) * (D12 + F12) -> 2.2094727 | H12: =G12 - Euler!E12 -> 0.088240264
A13: 4 | B13: =B12 + $B$3 -> 4 | C13: =G12 -> 2.2094727 | D13: =$B$2 * POWER(C13,3/4) * (1 - POWER(C13/$B$4,1/4)) -> 0.38440457 | E13: =C13 + $B$3 * D13 -> 2.5938773 | F13: =$B$2 * POWER(E13,3/4) * (1 - POWER(E13/$B$4,1/4)) -> 0.42619549 | G13: =C13 + ($B$3/2) * (D13 + F13) -> 2.6147727 | H13: =G13 - Euler!E13 -> 0.11914226
A14: 5 | B14: =B13 + $B$3 -> 5 | C14: =G13 -> 2.6147727 | D14: =$B$2 * POWER(C14,3/4) * (1 - POWER(C14/$B$4,1/4)) -> 0.42839018 | E14: =C14 + $B$3 * D14 -> 3.0431629 | F14: =$B$2 * POWER(E14,3/4) * (1 - POWER(E14/$B$4,1/4)) -> 0.47185379 | G14: =C14 + ($B$3/2) * (D14 + F14) -> 3.0648947 | H14: =G14 - Euler!E14 -> 0.15348912
A15: 6 | B15: =B14 + $B$3 -> 6 | C15: =G14 -> 3.0648947 | D15: =$B$2 * POWER(C15,3/4) * (1 - POWER(C15/$B$4,1/4)) -> 0.47398606 | E15: =C15 + $B$3 * D15 -> 3.5388808 | F15: =$B$2 * POWER(E15,3/4) * (1 - POWER(E15/$B$4,1/4)) -> 0.51895512 | G15: =C15 + ($B$3/2) * (D15 + F15) -> 3.5613653 | H15: =G15 - Euler!E15 -> 0.19117732
A16: 7 | B16: =B15 + $B$3 -> 7 | C16: =G15 -> 3.5613653 | D16: =$B$2 * POWER(C16,3/4) * (1 - POWER(C16/$B$4,1/4)) -> 0.52101991 | E16: =C16 + $B$3 * D16 -> 4.0823852 | F16: =$B$2 * POWER(E16,3/4) * (1 - POWER(E16/$B$4,1/4)) -> 0.56732603 | G16: =C16 + ($B$3/2) * (D16 + F16) -> 4.1055383 | H16: =G16 - Euler!E16 -> 0.23207673
A17: 8 | B17: =B16 + $B$3 -> 8 | C17: =G16 -> 4.1055383 | D17: =$B$2 * POWER(C17,3/4) * (1 - POWER(C17/$B$4,1/4)) -> 0.56931937 | E17: =C17 + $B$3 * D17 -> 4.6748576 | F17: =$B$2 * POWER(E17,3/4) * (1 - POWER(E17/$B$4,1/4)) -> 0.6167945 | G17: =C17 + ($B$3/2) * (D17 + F17) -> 4.6985952 | H17: =G17 - Euler!E17 -> 0.27603428
A18: 9 | B18: =B17 + $B$3 -> 9 | C18: =G17 -> 4.6985952 | D18: =$B$2 * POWER(C18,3/4) * (1 - POWER(C18/$B$4,1/4)) -> 0.61871335 | E18: =C18 + $B$3 * D18 -> 5.3173086 | F18: =$B$2 * POWER(E18,3/4) * (1 - POWER(E18/$B$4,1/4)) -> 0.66719103 | G18: =C18 + ($B$3/2) * (D18 + F18) -> 5.3415474 | H18: =G18 - Euler!E18 -> 0.32287756
A19: 10 | B19: =B18 + $B$3 -> 10 | C19: =G18 -> 5.3415474 | D19: =$B$2 * POWER(C19,3/4) * (1 - POWER(C19/$B$4,1/4)) -> 0.66903321 | E19: =C19 + $B$3 * D19 -> 6.0105806 | F19: =$B$2 * POWER(E19,3/4) * (1 - POWER(E19/$B$4,1/4)) -> 0.71834959 | G19: =C19 + ($B$3/2) * (D19 + F19) -> 6.0352388 | H19: =G19 - Euler!E19 -> 0.37241814
A20: 11 | B20: =B19 + $B$3 -> 11 | C20: =G19 -> 6.0352388 | D20: =$B$2 * POWER(C20,3/4) * (1 - POWER(C20/$B$4,1/4)) -> 0.72011366 | E20: =C20 + $B$3 * D20 -> 6.7553525 | F20: =$B$2 * POWER(E20,3/4) * (1 - POWER(E20/$B$4,1/4)) -> 0.7701085 | G20: =C20 + ($B$3/2) * (D20 + F20) -> 6.7803499 | H20: =G20 - Euler!E20 -> 0.42445472
A21: 12 | B21: =B20 + $B$3 -> 12 | C21: =G20 -> 6.7803499 | D21: =$B$2 * POWER(C21,3/4) * (1 - POWER(C21/$B$4,1/4)) -> 0.77179368 | E21: =C21 + $B$3 * D21 -> 7.5521436 | F21: =$B$2 * POWER(E21,3/4) * (1 - POWER(E21/$B$4,1/4)) -> 0.82231102 | G21: =C21 + ($B$3/2) * (D21 + F21) -> 7.5774022 | H21: =G21 - Euler!E21 -> 0.47877602
... A409: 400 | B409: =B408 + $B$3 -> 400 | C409: =G408 -> 299.32499 | D409: =$B$2 * POWER(C409,3/4) * (1 - POWER(C409/$B$4,1/4)) -> 0.012154065 | E409: =C409 + $B$3 * D409 -> 299.33715 | F409: =$B$2 * POWER(E409,3/4) * (1 - POWER(E409/$B$4,1/4)) -> 0.011935402 | G409: =C409 + ($B$3/2) * (D409 + F409) -> 299.33704 | H409: =G409 - Euler!E409 -> -0.018250826

Sheet Exacto
A1: Constante | B1: Valor
A2: k (kg^(1/4)/día) | B2: 0.3
A3: h (paso, días) | B3: 1
A4: m_max (kg) | B4: 300
A5: m0 (kg) | B5: 1
A6: Notas | B6: Las columnas usan fórmulas; revise las celdas para ver las fórmulas usadas.
A8: n | B8: t_n (d) | C8: m_exact (kg) | D8: Comentario
A9: 0 | B9: 0 | C9: =POWER( POWER($B$4,1/4) * (1 - (1 - POWER($B$5,1/4) / POWER($B$4,1/4)) * EXP(- $B$2 * B9 / (4 * POWER($B$4,1/4)) ) ), 4) -> 1 | D9: =IF(B9=0,"m0 exact","") -> m0 exact
A10: 1 | B10: =B9 + $B$3 -> 1 | C10: =POWER( POWER($B$4,1/4) * (1 - (1 - POWER($B$5,1/4) / POWER($B$4,1/4)) * EXP(- $B$2 * B10 / (4 * POWER($B$4,1/4)) ) ), 4) -> 1.2457369 | D10: =IF(B10=0,"m0 exact","")
A11: 2 | B11: =B10 + $B$3 -> 2 | C11: =POWER( POWER($B$4,1/4) * (1 - (1 - POWER($B$5,1/4) / POWER($B$4,1/4)) * EXP(- $B$2 * B11 / (4 * POWER($B$4,1/4)) ) ), 4) -> 1.5286486 | D11: =IF(B11=0,"m0 exact","")
A12: 3 | B12: =B11 + $B$3 -> 3 | C12: =POWER( POWER($B$4,1/4) * (1 - (1 - POWER($B$5,1/4) / POWER($B$4,1/4)) * EXP(- $B$2 * B12 / (4 * POWER($B$4,1/4)) ) ), 4) -> 1.8509188 | D12: =IF(B12=0,"m0 exact","")
A13: 4 | B13: =B12 + $B$3 -> 4 | C13: =POWER( POWER($B$4,1/4) * (1 - (1 - POWER($B$5,1/4) / POWER($B$4,1/4)) * EXP(- $B$2 * B13 / (4 * POWER($B$4,1/4)) ) ), 4) -> 2.2145717 | D13: =IF(B13=0,"m0 exact","")
A14: 5 | B14: =B13 + $B$3 -> 5 | C14: =POWER( POWER($B$4,1/4) * (1 - (1 - POWER($B$5,1/4) / POWER($B$4,1/4)) * EXP(- $B$2 * B14 / (4 * POWER($B$4,1/4)) ) ), 4) -> 2.6214656 | D14: =IF(B14=0,"m0 exact","")
A15: 6 | B15: =B14 + $B$3 -> 6 | C15: =POWER( POWER($B$4,1/4) * (1 - (1 - POWER($B$5,1/4) / POWER($B$4,1/4)) * EXP(- $B$2 * B15 / (4 * POWER($B$4,1/4)) ) ), 4) -> 3.0732891 | D15: =IF(B15=0,"m0 exact","")
A16: 7 | B16: =B15 + $B$3 -> 7 | C16: =POWER( POWER($B$4,1/4) * (1 - (1 - POWER($B$5,1/4) / POWER($B$4,1/4)) * EXP(- $B$2 * B16 / (4 * POWER($B$4,1/4)) ) ), 4) -> 3.5715581 | D16: =IF(B16=0,"m0 exact","")
A17: 8 | B17: =B16 + $B$3 -> 8 | C17: =POWER( POWER($B$4,1/4) * (1 - (1 - POWER($B$5,1/4) / POWER($B$4,1/4)) * EXP(- $B$2 * B17 / (4 * POWER($B$4,1/4)) ) ), 4) -> 4.1176161 | D17: =IF(B17=0,"m0 exact","")
A18: 9 | B18: =B17 + $B$3 -> 9 | C18: =POWER( POWER($B$4,1/4) * (1 - (1 - POWER($B$5,1/4) / POWER($B$4,1/4)) * EXP(- $B$2 * B18 / (4 * POWER($B$4,1/4)) ) ), 4) -> 4.7126343 | D18: =IF(B18=0,"m0 exact","")
A19: 10 | B19: =B18 + $B$3 -> 10 | C19: =POWER( POWER($B$4,1/4) * (1 - (1 - POWER($B$5,1/4) / POWER($B$4,1/4)) * EXP(- $B$2 * B19 / (4 * POWER($B$4,1/4)) ) ), 4) -> 5.3576138 | D19: =IF(B19=0,"m0 exact","")
A20: 11 | B20: =B19 + $B$3 -> 11 | C20: =POWER( POWER($B$4,1/4) * (1 - (1 - POWER($B$5,1/4) / POWER($B$4,1/4)) * EXP(- $B$2 * B20 / (4 * POWER($B$4,1/4)) ) ), 4) -> 6.0533889 | D20: =IF(B20=0,"m0 exact","")
A21: 12 | B21: =B20 + $B$3 -> 12 | C21: =POWER( POWER($B$4,1/4) * (1 - (1 - POWER($B$5,1/4) / POWER($B$4,1/4)) * EXP(- $B$2 * B21 / (4 * POWER($B$4,1/4)) ) ), 4) -> 6.8006304 | D21: =IF(B21=0,"m0 exact","")
... A409: 400 | B409: =B408 + $B$3 -> 400 | C409: =POWER( POWER($B$4,1/4) * (1 - (1 - POWER($B$5,1/4) / POWER($B$4,1/4)) * EXP(- $B$2 * B409 / (4 * POWER($B$4,1/4)) ) ), 4) -> 299.32565 | D409: =IF(B409=0,"m0 exact","")
